finding_type,file_a,file_b,geographic_coverage,evidence
matching normalized filename and similar aspect ratio (review visually),Alaska in United States (US50) (+grid) (W3).svg,Alaska in United States (US50) (-grid) (W3).svg,the united states,shared normalized name key “alaska grid in states united us50 w3”; relative aspect-ratio difference 0.0%
matching normalized filename and similar aspect ratio (review visually),Algeria location map (+relief).svg,Algeria relief location map.svg,algeria,shared normalized name key “algeria location relief”; relative aspect-ratio difference 0.1%
matching normalized filename and similar aspect ratio (review visually),Argentina Israel Locator.svg,Israel Argentina Locator.svg,israel,shared normalized name key “argentina israel locator”; relative aspect-ratio difference 0.0%
matching normalized filename and similar aspect ratio (review visually),Asia Islands (Raja Ampat) locator map.svg,"Raja Ampat locator map (blank, with Asia Islands).svg",indonesia,shared normalized name key “ampat asia islands locator raja”; relative aspect-ratio difference 0.0%
matching normalized filename and similar aspect ratio (review visually),Australia on globe (Christmas Island special) (Southeast Asia centered).svg,Australia on the globe (Christmas Island special) (Southeast Asia centered).svg,australia,shared normalized name key “asia australia centered christmas globe island on southeast special”; relative aspect-ratio difference 0.0%
matching normalized filename and similar aspect ratio (review visually),Azerbaijan (orthographic projection).svg,Azerbaijan orthographic projection.svg,azerbaijan,shared normalized name key “azerbaijan orthographic projection”; relative aspect-ratio difference 0.0%
matching normalized filename and similar aspect ratio (review visually),Azuay in Ecuador (+Galapagos).svg,Azuay in Ecuador (-Galapagos).svg,ecuador,shared normalized name key “azuay ecuador galapagos in”; relative aspect-ratio difference 0.1%
matching normalized filename and similar aspect ratio (review visually),Belarus Georgia locator.svg,Georgia Belarus Locator.svg,belarus,shared normalized name key “belarus georgia locator”; relative aspect-ratio difference 0.0%
matching normalized filename and similar aspect ratio (review visually),Binh Tan in Ho Chi Minh City.svg,Tan Binh in Ho Chi Minh City.svg,vietnam,shared normalized name key “binh chi city ho in minh tan”; relative aspect-ratio difference 0.0%
matching normalized filename and similar aspect ratio (review visually),Blank Europe Map.svg,Europe Map.svg,europe,shared normalized name key “europe”; relative aspect-ratio difference 0.0%
matching normalized filename and similar aspect ratio (review visually),Blank map of Canada.svg,Canada blank map.svg,canada,shared normalized name key “canada”; relative aspect-ratio difference 0.4%
matching normalized filename and similar aspect ratio (review visually),Blank map of china.svg,China blank map.svg,china,shared normalized name key “china”; relative aspect-ratio difference 0.0%
matching normalized filename and similar aspect ratio (review visually),Blank map of china.svg,China-blank.svg,china,shared normalized name key “china”; relative aspect-ratio difference 4.0%
matching normalized filename and similar aspect ratio (review visually),China blank map.svg,China-blank.svg,china,shared normalized name key “china”; relative aspect-ratio difference 4.0%
matching normalized filename and similar aspect ratio (review visually),"Blank Map of Communes, France.svg","Blank Map of France, with Communes.svg",france,shared normalized name key “communes france”; relative aspect-ratio difference 0.0%
matching normalized filename and similar aspect ratio (review visually),Blank map of Japan.svg,Map of Japan.svg,japan,shared normalized name key “japan”; relative aspect-ratio difference 0.0%
matching normalized filename and similar aspect ratio (review visually),Blank map of Mexico.svg,Map of Mexico (blank).svg,mexico,shared normalized name key “mexico”; relative aspect-ratio difference 6.0%
matching normalized filename and similar aspect ratio (review visually),Blank map of Mexico.svg,Mexico blank.svg,mexico,shared normalized name key “mexico”; relative aspect-ratio difference 0.1%
matching normalized filename and similar aspect ratio (review visually),Blank map of Mexico.svg,Mexico Map.svg,mexico,shared normalized name key “mexico”; relative aspect-ratio difference 1.3%
matching normalized filename and similar aspect ratio (review visually),Map of Mexico (blank).svg,Mexico blank.svg,mexico,shared normalized name key “mexico”; relative aspect-ratio difference 6.0%
matching normalized filename and similar aspect ratio (review visually),Map of Mexico (blank).svg,Mexico Map.svg,mexico,shared normalized name key “mexico”; relative aspect-ratio difference 7.2%
matching normalized filename and similar aspect ratio (review visually),Mexico blank.svg,Mexico Map.svg,mexico,shared normalized name key “mexico”; relative aspect-ratio difference 1.4%
matching normalized filename and similar aspect ratio (review visually),Blank map of South America.svg,South America.svg,south america,shared normalized name key “america south”; relative aspect-ratio difference 3.4%
matching normalized filename and similar aspect ratio (review visually),South America blank map.svg,South America.svg,south america,shared normalized name key “america south”; relative aspect-ratio difference 6.0%
matching normalized filename and similar aspect ratio (review visually),Blank map of the Philippines (Provinces).svg,Provinces of the Philippines.svg,the philippines,shared normalized name key “philippines provinces”; relative aspect-ratio difference 7.8%
matching normalized filename and similar aspect ratio (review visually),Blank US map borders.svg,Blank US Map with borders.svg,the united states,shared normalized name key “borders us”; relative aspect-ratio difference 7.2%
matching normalized filename and similar aspect ratio (review visually),Blank USA map with counties.svg,USA Counties.svg,the united states,shared normalized name key “counties usa”; relative aspect-ratio difference 3.0%
matching normalized filename and similar aspect ratio (review visually),Blank World Map.svg,World.svg,the world with cylindrical projection,shared normalized name key “world”; relative aspect-ratio difference 1.2%
matching normalized filename and similar aspect ratio (review visually),BlankMap-Philippines.svg,Map of the Philippines.svg,the philippines,shared normalized name key “philippines”; relative aspect-ratio difference 5.4%
matching normalized filename and similar aspect ratio (review visually),BlankMap-World (EU as a single entity).svg,World map (EU as a single entity).svg,the world with national borders,shared normalized name key “as entity eu single world”; relative aspect-ratio difference 1.3%
matching normalized filename and similar aspect ratio (review visually),World map blank.svg,World Map Blank.svg,the world with national borders,shared normalized name key “world”; relative aspect-ratio difference 2.0%
matching normalized filename and similar aspect ratio (review visually),Bolivar in Ecuador (+Galapagos).svg,Bolivar in Ecuador (-Galapagos).svg,ecuador,shared normalized name key “bolivar ecuador galapagos in”; relative aspect-ratio difference 0.1%
matching normalized filename and similar aspect ratio (review visually),Brazil Israel Locator.svg,Israel Brazil Locator.svg,israel,shared normalized name key “brazil israel locator”; relative aspect-ratio difference 3.1%
matching normalized filename and similar aspect ratio (review visually),Canar in Ecuador (+Galapagos).svg,Canar in Ecuador (-Galapagos).svg,ecuador,shared normalized name key “canar ecuador galapagos in”; relative aspect-ratio difference 0.1%
matching normalized filename and similar aspect ratio (review visually),Carchi in Ecuador (+Galapagos).svg,Carchi in Ecuador (-Galapagos).svg,ecuador,shared normalized name key “carchi ecuador galapagos in”; relative aspect-ratio difference 0.1%
matching normalized filename and similar aspect ratio (review visually),Ceelafweyn district.svg,Ceelafweyn District.svg,somaliland,shared normalized name key “ceelafweyn district”; relative aspect-ratio difference 0.0%
matching normalized filename and similar aspect ratio (review visually),Center of America.svg,SVG map Center of America.svg,the americas,shared normalized name key “america center”; relative aspect-ratio difference 6.1%
matching normalized filename and similar aspect ratio (review visually),Central America blank map.svg,Central America.svg,central america,shared normalized name key “america central”; relative aspect-ratio difference 2.9%
matching normalized filename and similar aspect ratio (review visually),Chimborazo in Ecuador (+Galapagos).svg,Chimborazo in Ecuador (-Galapagos).svg,ecuador,shared normalized name key “chimborazo ecuador galapagos in”; relative aspect-ratio difference 0.1%
matching normalized filename and similar aspect ratio (review visually),China Chongqing.svg,Map of China Chongqing.svg,china,shared normalized name key “china chongqing”; relative aspect-ratio difference 5.1%
matching normalized filename and similar aspect ratio (review visually),China in Asia (de-facto) (relief).svg,China in Asia (relief) (de-facto).svg,china,shared normalized name key “asia china de facto in relief”; relative aspect-ratio difference 0.0%
matching normalized filename and similar aspect ratio (review visually),China India locator.svg,India China locator.svg,india,shared normalized name key “china india locator”; relative aspect-ratio difference 0.0%
matching normalized filename and similar aspect ratio (review visually),China Tibet.svg,Map of China Tibet.svg,china,shared normalized name key “china tibet”; relative aspect-ratio difference 5.1%
matching normalized filename and similar aspect ratio (review visually),China Xinjiang.svg,Map of China Xinjiang.svg,china,shared normalized name key “china xinjiang”; relative aspect-ratio difference 5.1%
matching normalized filename and similar aspect ratio (review visually),China-East Germany Locator.svg,East Germany–China Locator.svg,countries (world location map scheme),shared normalized name key “china east germany locator”; relative aspect-ratio difference 0.0%
matching normalized filename and similar aspect ratio (review visually),China–Czechoslovakia Locator.svg,Czechoslovakia–China Locator.svg,countries (world location map scheme),shared normalized name key “china czechoslovakia locator”; relative aspect-ratio difference 0.0%
matching normalized filename and similar aspect ratio (review visually),China–Slovakia Locator.svg,Slovakia–China Locator.svg,countries (world location map scheme),shared normalized name key “china locator slovakia”; relative aspect-ratio difference 0.0%
matching normalized filename and similar aspect ratio (review visually),Christmas Island in Australia (-mini map).svg,Christmas Island in Australia (mini map).svg,australia,shared normalized name key “australia christmas in island mini”; relative aspect-ratio difference 0.0%
matching normalized filename and similar aspect ratio (review visually),Colombia Bogotá location map.png,Colombia Bogotá location map.svg,colombia,shared normalized name key “bogot colombia location”; relative aspect-ratio difference 0.0%
matching normalized filename and similar aspect ratio (review visually),Colombia map.svg,Colombia svg.svg,colombia,shared normalized name key “colombia”; relative aspect-ratio difference 6.8%
matching normalized filename and similar aspect ratio (review visually),Communes of France ending with -a.svg,Communes of France ending with -é.svg,france,shared normalized name key “communes ending france”; relative aspect-ratio difference 0.0%
matching normalized filename and similar aspect ratio (review visually),Cotopaxi in Ecuador (+Galapagos).svg,Cotopaxi in Ecuador (-Galapagos).svg,ecuador,shared normalized name key “cotopaxi ecuador galapagos in”; relative aspect-ratio difference 0.1%
matching normalized filename and similar aspect ratio (review visually),Czech Republic location map blank.svg,Czech Republic location map.svg,the czech republic,shared normalized name key “czech location republic”; relative aspect-ratio difference 0.0%
matching normalized filename and similar aspect ratio (review visually),Czechoslovakia–Vietnam Locator.svg,Vietnam–Czechoslovakia Locator.svg,countries (world location map scheme),shared normalized name key “czechoslovakia locator vietnam”; relative aspect-ratio difference 0.0%
matching normalized filename and similar aspect ratio (review visually),El Oro in Ecuador (+Galapagos).svg,El Oro in Ecuador (-Galapagos).svg,ecuador,shared normalized name key “ecuador el galapagos in oro”; relative aspect-ratio difference 0.1%
matching normalized filename and similar aspect ratio (review visually),Esmeraldas in Ecuador (+Galapagos).svg,Esmeraldas in Ecuador (-Galapagos).svg,ecuador,shared normalized name key “ecuador esmeraldas galapagos in”; relative aspect-ratio difference 0.1%
matching normalized filename and similar aspect ratio (review visually),Eswatini Taiwan Locator.svg,Eswatini–Taiwan Locator.svg,the republic of china,shared normalized name key “eswatini locator taiwan”; relative aspect-ratio difference 0.0%
matching normalized filename and similar aspect ratio (review visually),EU-Greece (orthographic projection).png,EU-Greece (orthographic projection).svg,greece,shared normalized name key “eu greece orthographic projection”; relative aspect-ratio difference 0.0%
matching normalized filename and similar aspect ratio (review visually),Europe (orthographic projection).svg,Europe-Blank (orthographic projection).svg,europe,shared normalized name key “europe orthographic projection”; relative aspect-ratio difference 0.0%
matching normalized filename and similar aspect ratio (review visually),Europe Armenia.svg,Europe-Armenia.svg,armenia,shared normalized name key “armenia europe”; relative aspect-ratio difference 0.0%
matching normalized filename and similar aspect ratio (review visually),Falkland Islands - The Swan Islands.svg,Swan Islands - Falkland Islands.svg,the united kingdom,shared normalized name key “falkland islands islands swan”; relative aspect-ratio difference 0.0%
matching normalized filename and similar aspect ratio (review visually),Falkland Islands - The Tyssen Islands.svg,Falkland Islands - Tyssen Islands.svg,the united kingdom,shared normalized name key “falkland islands islands tyssen”; relative aspect-ratio difference 0.0%
matching normalized filename and similar aspect ratio (review visually),France Georgia locator.svg,Georgia France Locator.svg,france,shared normalized name key “france georgia locator”; relative aspect-ratio difference 0.0%
matching normalized filename and similar aspect ratio (review visually),Geologic map Armorican Massif FR.svg,Geologic map of Armorican Massif FR.png,armorican massif,shared normalized name key “armorican fr geologic massif”; relative aspect-ratio difference 1.0%
matching normalized filename and similar aspect ratio (review visually),Georgia (orthographic projection).svg,Georgia (orthographic--projection).svg,georgia,shared normalized name key “georgia orthographic projection”; relative aspect-ratio difference 0.0%
matching normalized filename and similar aspect ratio (review visually),Georgia Lithuania locator.svg,Lithuania Georgia Locator.svg,lithuania,shared normalized name key “georgia lithuania locator”; relative aspect-ratio difference 0.0%
matching normalized filename and similar aspect ratio (review visually),Georgia Spain Locator.svg,Spain Georgia Locator.svg,spain,shared normalized name key “georgia locator spain”; relative aspect-ratio difference 0.0%
matching normalized filename and similar aspect ratio (review visually),Georgia–Mongolia Locator.svg,Mongolia–Georgia Locator.svg,countries (world location map scheme),shared normalized name key “georgia locator mongolia”; relative aspect-ratio difference 0.0%
matching normalized filename and similar aspect ratio (review visually),Germany Spain Locator.svg,Spain Germany Locator.svg,spain,shared normalized name key “germany locator spain”; relative aspect-ratio difference 0.0%
matching normalized filename and similar aspect ratio (review visually),Ghana in its region.png,Ghana in its region.svg,ghana,shared normalized name key “ghana in its region”; relative aspect-ratio difference 0.1%
matching normalized filename and similar aspect ratio (review visually),Gilgit-Baltistan in Pakistan (de-facto + glacier claims) (disputed hatched).svg,Gilgit-Baltistan in Pakistan (de-facto + glacier claims)) (disputed hatched).svg,pakistan,shared normalized name key “baltistan claims de disputed facto gilgit glacier hatched in pakistan”; relative aspect-ratio difference 0.0%
matching normalized filename and similar aspect ratio (review visually),Guayas in Ecuador (+Galapagos).svg,Guayas in Ecuador (-Galapagos).svg,ecuador,shared normalized name key “ecuador galapagos guayas in”; relative aspect-ratio difference 0.1%
matching normalized filename and similar aspect ratio (review visually),Hawaii in United States (US50) (+grid) (W3).svg,Hawaii in United States (US50) (-grid) (W3).svg,the united states,shared normalized name key “grid hawaii in states united us50 w3”; relative aspect-ratio difference 0.0%
matching normalized filename and similar aspect ratio (review visually),Hawaii in United States (US50) (+grid) (zoom) (W3).svg,Hawaii in United States (US50) (-grid) (zoom) (W3).svg,the united states,shared normalized name key “grid hawaii in states united us50 w3 zoom”; relative aspect-ratio difference 0.0%
matching normalized filename and similar aspect ratio (review visually),Hà Trung in Thanh Hóa province.svg,Trung Hạ in Thanh Hóa province.svg,vietnam,shared normalized name key “h h in province thanh trung”; relative aspect-ratio difference 0.0%
matching normalized filename and similar aspect ratio (review visually),Imbabura in Ecuador (+Galapagos).svg,Imbabura in Ecuador (-Galapagos).svg,ecuador,shared normalized name key “ecuador galapagos imbabura in”; relative aspect-ratio difference 0.1%
matching normalized filename and similar aspect ratio (review visually),India Israel Locator.svg,Israel india locator.svg,israel,shared normalized name key “india israel locator”; relative aspect-ratio difference 3.1%
matching normalized filename and similar aspect ratio (review visually),India–New Zealand Locator.svg,New Zealand India Locator.svg,india,shared normalized name key “india locator new zealand”; relative aspect-ratio difference 0.3%
matching normalized filename and similar aspect ratio (review visually),India–Pakistan Locator.svg,Pakistan-India Locator.svg,india,shared normalized name key “india locator pakistan”; relative aspect-ratio difference 0.0%
matching normalized filename and similar aspect ratio (review visually),Indonesia–Trinidad and Tobago Locator.svg,Trinidad and Tobago–Indonesia Locator.svg,countries (world location map scheme),shared normalized name key “indonesia locator tobago trinidad”; relative aspect-ratio difference 0.0%
matching normalized filename and similar aspect ratio (review visually),Ireland–Mongolia Locator.svg,Mongolia–Ireland Locator.svg,countries (world location map scheme),shared normalized name key “ireland locator mongolia”; relative aspect-ratio difference 0.0%
matching normalized filename and similar aspect ratio (review visually),Ireland–Taiwan Locator.svg,Taiwan–Ireland Locator.svg,countries (world location map scheme),shared normalized name key “ireland locator taiwan”; relative aspect-ratio difference 0.0%
matching normalized filename and similar aspect ratio (review visually),Israel South Korea Locator.svg,Israel South Korea locator.svg,south korea,shared normalized name key “israel korea locator south”; relative aspect-ratio difference 3.1%
matching normalized filename and similar aspect ratio (review visually),Israel Venezuela Locator.svg,Venezuela Israel Locator.svg,israel,shared normalized name key “israel locator venezuela”; relative aspect-ratio difference 3.1%
matching normalized filename and similar aspect ratio (review visually),Italian provinces (1992).svg,Map of Italian provinces (1992).svg,italy,shared normalized name key “1992 italian provinces”; relative aspect-ratio difference 3.0%
matching normalized filename and similar aspect ratio (review visually),Italy blank.svg,Italy map-blank.svg,italy,shared normalized name key “italy”; relative aspect-ratio difference 4.3%
matching normalized filename and similar aspect ratio (review visually),Italy blank.svg,Map of Italy blank.svg,italy,shared normalized name key “italy”; relative aspect-ratio difference 5.7%
matching normalized filename and similar aspect ratio (review visually),Italy map-blank.svg,Map of Italy blank.svg,italy,shared normalized name key “italy”; relative aspect-ratio difference 1.4%
matching normalized filename and similar aspect ratio (review visually),Italy map with regions.svg,Italy Regions Blank.svg,italy,shared normalized name key “italy regions”; relative aspect-ratio difference 5.6%
matching normalized filename and similar aspect ratio (review visually),Italy map with regions.svg,Regions of Italy.svg,italy,shared normalized name key “italy regions”; relative aspect-ratio difference 6.8%
matching normalized filename and similar aspect ratio (review visually),Japan Venezuela Locator.svg,Venezuela Japan Locator.svg,japan,shared normalized name key “japan locator venezuela”; relative aspect-ratio difference 0.1%
matching normalized filename and similar aspect ratio (review visually),Japan–Lithuania Locator.svg,Lithuania–Japan Locator.svg,countries (world location map scheme),shared normalized name key “japan lithuania locator”; relative aspect-ratio difference 0.0%
matching normalized filename and similar aspect ratio (review visually),Japan–Mongolia Locator.svg,Mongolia–Japan Locator.svg,countries (world location map scheme),shared normalized name key “japan locator mongolia”; relative aspect-ratio difference 0.0%
matching normalized filename and similar aspect ratio (review visually),Kazakhstan–Mongolia Locator.svg,Mongolia–Kazakhstan Locator.svg,countries (world location map scheme),shared normalized name key “kazakhstan locator mongolia”; relative aspect-ratio difference 0.0%
matching normalized filename and similar aspect ratio (review visually),Kazakhstan–Thailand Locator.svg,Thailand–Kazakhstan Locator.svg,countries (world location map scheme),shared normalized name key “kazakhstan locator thailand”; relative aspect-ratio difference 0.0%
matching normalized filename and similar aspect ratio (review visually),Lankaran City in Azerbaijan.svg,Lankaran city in Azerbaijan.svg,azerbaijan,shared normalized name key “azerbaijan city in lankaran”; relative aspect-ratio difference 0.0%
matching normalized filename and similar aspect ratio (review visually),Laos Vientiane prefecture.svg,Vientiane Prefecture-Laos.svg,laos,shared normalized name key “laos prefecture vientiane”; relative aspect-ratio difference 0.0%
matching normalized filename and similar aspect ratio (review visually),Laos Vientiane province.svg,Vientiane Province-Laos.svg,laos,shared normalized name key “laos province vientiane”; relative aspect-ratio difference 0.0%
matching normalized filename and similar aspect ratio (review visually),Life of Orpheus Greek Mythology - (Български).svg,Life of Orpheus Greek Mythology.svg,greek mythology,shared normalized name key “greek life mythology orpheus”; relative aspect-ratio difference 0.0%
matching normalized filename and similar aspect ratio (review visually),Lithuania–Mongolia Locator.svg,Mongolia–Lithuania Locator.svg,countries (world location map scheme),shared normalized name key “lithuania locator mongolia”; relative aspect-ratio difference 0.0%
matching normalized filename and similar aspect ratio (review visually),Location map of Russia.svg,Location Russia.svg,russia,shared normalized name key “location russia”; relative aspect-ratio difference 7.7%
matching normalized filename and similar aspect ratio (review visually),Location of Russia.svg,Location Russia.svg,russia,shared normalized name key “location russia”; relative aspect-ratio difference 1.5%
matching normalized filename and similar aspect ratio (review visually),Location Monastyrshchinsky District Smolensk Oblast A.svg,Location Monastyrshchinsky District Smolensk Oblast.svg,russia,shared normalized name key “district location monastyrshchinsky oblast smolensk”; relative aspect-ratio difference 0.0%
matching normalized filename and similar aspect ratio (review visually),Location Roslavlsky District Smolensk Oblast A.svg,Location Roslavlsky District Smolensk Oblast.svg,russia,shared normalized name key “district location oblast roslavlsky smolensk”; relative aspect-ratio difference 0.0%
matching normalized filename and similar aspect ratio (review visually),Location San Marino Europe.svg,San Marino Europe Location.svg,san marino,shared normalized name key “europe location marino san”; relative aspect-ratio difference 5.6%
matching normalized filename and similar aspect ratio (review visually),Locator map A in Bavaria.svg,Locator map AÖ in Bavaria.svg,germany,shared normalized name key “bavaria in locator”; relative aspect-ratio difference 0.0%
matching normalized filename and similar aspect ratio (review visually),Locator map A in Germany.svg,Locator map AÖ in Germany.svg,germany,shared normalized name key “germany in locator”; relative aspect-ratio difference 0.0%
matching normalized filename and similar aspect ratio (review visually),Locator map A in Germany.svg,Locator map OF in Germany.svg,germany,shared normalized name key “germany in locator”; relative aspect-ratio difference 0.0%
matching normalized filename and similar aspect ratio (review visually),Locator map AÖ in Germany.svg,Locator map OF in Germany.svg,germany,shared normalized name key “germany in locator”; relative aspect-ratio difference 0.0%
matching normalized filename and similar aspect ratio (review visually),Locator map GÖ in Germany.svg,Locator map GÜ in Germany.svg,germany,shared normalized name key “g germany in locator”; relative aspect-ratio difference 0.0%
matching normalized filename and similar aspect ratio (review visually),Locator map L in Germany.svg,Locator map LÖ in Germany.svg,germany,shared normalized name key “germany in l locator”; relative aspect-ratio difference 0.0%
matching normalized filename and similar aspect ratio (review visually),Locator map M in Bavaria.svg,Locator map MÜ in Bavaria.svg,germany,shared normalized name key “bavaria in locator m”; relative aspect-ratio difference 0.0%
matching normalized filename and similar aspect ratio (review visually),Locator map M in Germany.svg,Locator map MÜ in Germany.svg,germany,shared normalized name key “germany in locator m”; relative aspect-ratio difference 0.0%
matching normalized filename and similar aspect ratio (review visually),Sri Lanka Locator.svg,Sri Lanka-locator-map.svg,sri lanka,shared normalized name key “lanka locator sri”; relative aspect-ratio difference 0.0%
matching normalized filename and similar aspect ratio (review visually),Locator map W in Germany.svg,Locator map WÜ in Germany.svg,germany,shared normalized name key “germany in locator w”; relative aspect-ratio difference 0.0%
matching normalized filename and similar aspect ratio (review visually),Loja in Ecuador (+Galapagos).svg,Loja in Ecuador (-Galapagos).svg,ecuador,shared normalized name key “ecuador galapagos in loja”; relative aspect-ratio difference 0.1%
matching normalized filename and similar aspect ratio (review visually),Los Rios in Ecuador (+Galapagos).svg,Los Rios in Ecuador (-Galapagos).svg,ecuador,shared normalized name key “ecuador galapagos in los rios”; relative aspect-ratio difference 0.0%
matching normalized filename and similar aspect ratio (review visually),Malaysia–Trinidad and Tobago Locator.svg,Trinidad and Tobago–Malaysia Locator.svg,countries (world location map scheme),shared normalized name key “locator malaysia tobago trinidad”; relative aspect-ratio difference 0.0%
matching normalized filename and similar aspect ratio (review visually),Manabi in Ecuador (+Galapagos).svg,Manabi in Ecuador (-Galapagos).svg,ecuador,shared normalized name key “ecuador galapagos in manabi”; relative aspect-ratio difference 0.1%
matching normalized filename and similar aspect ratio (review visually),Map Portugal.svg,Portugal blank map.svg,portugal,shared normalized name key “portugal”; relative aspect-ratio difference 6.3%
matching normalized filename and similar aspect ratio (review visually),Mexico geoloc blank.svg,Mexico geoloc.svg,mexico,shared normalized name key “geoloc mexico”; relative aspect-ratio difference 0.0%
matching normalized filename and similar aspect ratio (review visually),Mongolia–Romania Locator.svg,Romania–Mongolia Locator.svg,countries (world location map scheme),shared normalized name key “locator mongolia romania”; relative aspect-ratio difference 0.0%
matching normalized filename and similar aspect ratio (review visually),Mongolia–Switzerland Locator.svg,Switzerland–Mongolia Locator.svg,countries (world location map scheme),shared normalized name key “locator mongolia switzerland”; relative aspect-ratio difference 0.0%
matching normalized filename and similar aspect ratio (review visually),Morocco (orthographic projection).svg,Morocco map (orthographic projection).png,morocco,shared normalized name key “morocco orthographic projection”; relative aspect-ratio difference 0.0%
matching normalized filename and similar aspect ratio (review visually),Morocco on the globe (de-facto + claimed hatched) (Cape Verde centered).svg,Morocco on the globe (de-facto and claimed hatched) (Cape Verde centered).svg,morocco,shared normalized name key “cape centered claimed de facto globe hatched morocco on verde”; relative aspect-ratio difference 0.0%
matching normalized filename and similar aspect ratio (review visually),Morocco–Netherlands Locator.svg,Netherlands–Morocco Locator.svg,countries (world location map scheme),shared normalized name key “locator morocco netherlands”; relative aspect-ratio difference 0.0%
matching normalized filename and similar aspect ratio (review visually),Morona Santiago in Ecuador (+Galapagos).svg,Morona Santiago in Ecuador (-Galapagos).svg,ecuador,shared normalized name key “ecuador galapagos in morona santiago”; relative aspect-ratio difference 0.1%
matching normalized filename and similar aspect ratio (review visually),Municipalities of Provisional Administrative-Territorial Unit of South Ossetia.svg,Provisional Administrative-Territorial Unit of South Ossetia (Municipalities).svg,georgia,shared normalized name key “administrative municipalities ossetia provisional south territorial unit”; relative aspect-ratio difference 0.0%
matching normalized filename and similar aspect ratio (review visually),Nakhchivan City in Azerbaijan.svg,Nakhchivan city in Azerbaijan.svg,azerbaijan,shared normalized name key “azerbaijan city in nakhchivan”; relative aspect-ratio difference 0.0%
matching normalized filename and similar aspect ratio (review visually),Napo in Ecuador (+Galapagos).svg,Napo in Ecuador (-Galapagos).svg,ecuador,shared normalized name key “ecuador galapagos in napo”; relative aspect-ratio difference 0.1%
matching normalized filename and similar aspect ratio (review visually),Orellana in Ecuador (+Galapagos).svg,Orellana in Ecuador (-Galapagos).svg,ecuador,shared normalized name key “ecuador galapagos in orellana”; relative aspect-ratio difference 0.1%
matching normalized filename and similar aspect ratio (review visually),Pannonian Basin geographic map blank.svg,Pannonian Basin geographic map.svg,the danube watercourse system,shared normalized name key “basin geographic pannonian”; relative aspect-ratio difference 0.0%
matching normalized filename and similar aspect ratio (review visually),Pastaza in Ecuador (+Galapagos).svg,Pastaza in Ecuador (-Galapagos).svg,ecuador,shared normalized name key “ecuador galapagos in pastaza”; relative aspect-ratio difference 0.1%
matching normalized filename and similar aspect ratio (review visually),Ph locator dinagat islands.svg,Ph locator map dinagat islands.png,the philippines,shared normalized name key “dinagat islands locator ph”; relative aspect-ratio difference 0.9%
matching normalized filename and similar aspect ratio (review visually),Physical Map of Georgia (en).svg,Physical map of Georgia (en).svg,georgia,shared normalized name key “en georgia physical”; relative aspect-ratio difference 0.1%
matching normalized filename and similar aspect ratio (review visually),Pichincha in Ecuador (+Galapagos).svg,Pichincha in Ecuador (-Galapagos).svg,ecuador,shared normalized name key “ecuador galapagos in pichincha”; relative aspect-ratio difference 0.1%
matching normalized filename and similar aspect ratio (review visually),Provinces of Laos.svg,Provinces-Laos.svg,laos,shared normalized name key “laos provinces”; relative aspect-ratio difference 0.0%
matching normalized filename and similar aspect ratio (review visually),Provincia de Buenos Aires (Argentina) - svg.svg,Provincia de Buenos Aires (Argentina).svg,argentina,shared normalized name key “aires argentina buenos de provincia”; relative aspect-ratio difference 3.0%
matching normalized filename and similar aspect ratio (review visually),Provincia de Catamarca (Argentina) - svg.svg,Provincia de Catamarca (Argentina).svg,argentina,shared normalized name key “argentina catamarca de provincia”; relative aspect-ratio difference 3.0%
matching normalized filename and similar aspect ratio (review visually),Provincia de Chubut (Argentina).png,Provincia de Chubut (Argentina).svg,argentina,shared normalized name key “argentina chubut de provincia”; relative aspect-ratio difference 3.0%
matching normalized filename and similar aspect ratio (review visually),Provincia de Corrientes (Argentina) - svg.svg,Provincia de Corrientes (Argentina).svg,argentina,shared normalized name key “argentina corrientes de provincia”; relative aspect-ratio difference 3.0%
matching normalized filename and similar aspect ratio (review visually),Provincia de Córdoba (Argentina) - svg.svg,Provincia de Córdoba (Argentina).svg,argentina,shared normalized name key “argentina c de provincia rdoba”; relative aspect-ratio difference 3.0%
matching normalized filename and similar aspect ratio (review visually),Provincia de Entre Ríos (Argentina) - svg.svg,Provincia de Entre Ríos (Argentina).svg,argentina,shared normalized name key “argentina de entre os provincia r”; relative aspect-ratio difference 3.0%
matching normalized filename and similar aspect ratio (review visually),Provincia de Formosa (Argentina) - svg.svg,Provincia de Formosa (Argentina).svg,argentina,shared normalized name key “argentina de formosa provincia”; relative aspect-ratio difference 3.0%
matching normalized filename and similar aspect ratio (review visually),Provincia de Jujuy (Argentina) - svg.svg,Provincia de Jujuy (Argentina).svg,argentina,shared normalized name key “argentina de jujuy provincia”; relative aspect-ratio difference 3.0%
matching normalized filename and similar aspect ratio (review visually),Provincia de La Pampa (Argentina) - svg.svg,Provincia de La Pampa (Argentina).svg,argentina,shared normalized name key “argentina de la pampa provincia”; relative aspect-ratio difference 3.0%
matching normalized filename and similar aspect ratio (review visually),Provincia de La Rioja (Argentina) - svg.svg,Provincia de La Rioja (Argentina).svg,argentina,shared normalized name key “argentina de la provincia rioja”; relative aspect-ratio difference 3.0%
matching normalized filename and similar aspect ratio (review visually),Provincia de Mendoza (Argentina) - svg.svg,Provincia de Mendoza (Argentina).svg,argentina,shared normalized name key “argentina de mendoza provincia”; relative aspect-ratio difference 3.0%
matching normalized filename and similar aspect ratio (review visually),Provincia de Misiones (Argentina) - svg.svg,Provincia de Misiones (Argentina).svg,argentina,shared normalized name key “argentina de misiones provincia”; relative aspect-ratio difference 3.0%
matching normalized filename and similar aspect ratio (review visually),Provincia de Salta (Argentina) - svg.svg,Provincia de Salta (Argentina).svg,argentina,shared normalized name key “argentina de provincia salta”; relative aspect-ratio difference 3.0%
matching normalized filename and similar aspect ratio (review visually),Provincia de San Juan (Argentina) - svg.svg,Provincia de San Juan (Argentina).svg,argentina,shared normalized name key “argentina de juan provincia san”; relative aspect-ratio difference 3.0%
matching normalized filename and similar aspect ratio (review visually),Provincia de San Luis (Argentina) - svg.svg,Provincia de San Luis (Argentina).svg,argentina,shared normalized name key “argentina de luis provincia san”; relative aspect-ratio difference 3.0%
matching normalized filename and similar aspect ratio (review visually),Provincia de Santa Cruz (Argentina) - svg.svg,Provincia de Santa Cruz (Argentina).svg,argentina,shared normalized name key “argentina cruz de provincia santa”; relative aspect-ratio difference 3.0%
matching normalized filename and similar aspect ratio (review visually),Provincia de Santa Fe (Argentina) - svg.svg,Provincia de Santa Fe (Argentina).svg,argentina,shared normalized name key “argentina de fe provincia santa”; relative aspect-ratio difference 3.0%
matching normalized filename and similar aspect ratio (review visually),Provincia de Santiago del Estero (Argentina) - svg.svg,Provincia de Santiago del Estero (Argentina).svg,argentina,shared normalized name key “argentina de del estero provincia santiago”; relative aspect-ratio difference 3.0%
matching normalized filename and similar aspect ratio (review visually),Provincia de Tucumán (Argentina) - svg.svg,Provincia de Tucumán (Argentina).svg,argentina,shared normalized name key “argentina de n provincia tucum”; relative aspect-ratio difference 3.0%
matching normalized filename and similar aspect ratio (review visually),Provincia del Chaco (Argentina).png,Provincia del Chaco (Argentina).svg,argentina,shared normalized name key “argentina chaco del provincia”; relative aspect-ratio difference 0.0%
matching normalized filename and similar aspect ratio (review visually),Romania–Soviet Union Locator.svg,Soviet Union–Romania Locator.svg,countries (world location map scheme),shared normalized name key “locator romania soviet union”; relative aspect-ratio difference 0.0%
matching normalized filename and similar aspect ratio (review visually),Ross Dependency in New Zealand (+grid) (hatched).svg,Ross Dependency in New Zealand (-grid) (hatched).svg,new zealand,shared normalized name key “dependency grid hatched in new ross zealand”; relative aspect-ratio difference 0.0%
matching normalized filename and similar aspect ratio (review visually),Ross Dependency in New Zealand (+grid).svg,Ross Dependency in New Zealand (-grid).svg,new zealand,shared normalized name key “dependency grid in new ross zealand”; relative aspect-ratio difference 0.0%
matching normalized filename and similar aspect ratio (review visually),Santa Elena in Ecuador (+Galapagos).svg,Santa Elena in Ecuador (-Galapagos).svg,ecuador,shared normalized name key “ecuador elena galapagos in santa”; relative aspect-ratio difference 0.1%
matching normalized filename and similar aspect ratio (review visually),Santo Domingo de los Tsachilas in Ecuador (+Galapagos).svg,Santo Domingo de los Tsachilas in Ecuador (-Galapagos).svg,ecuador,shared normalized name key “de domingo ecuador galapagos in los santo tsachilas”; relative aspect-ratio difference 0.1%
matching normalized filename and similar aspect ratio (review visually),Shaki city in Azerbaijan.svg,Shaki City in Azerbaijan.svg,azerbaijan,shared normalized name key “azerbaijan city in shaki”; relative aspect-ratio difference 0.0%
matching normalized filename and similar aspect ratio (review visually),Singapore–Switzerland Locator.svg,Switzerland–Singapore Locator.svg,countries (world location map scheme),shared normalized name key “locator singapore switzerland”; relative aspect-ratio difference 0.0%
matching normalized filename and similar aspect ratio (review visually),Sonsorol State map.png,Sonsorol State.svg,palau,shared normalized name key “sonsorol state”; relative aspect-ratio difference 0.1%
matching normalized filename and similar aspect ratio (review visually),South Korea–West Germany Locator.svg,West Germany–South Korea Locator.svg,countries (world location map scheme),shared normalized name key “germany korea locator south west”; relative aspect-ratio difference 0.0%
matching normalized filename and similar aspect ratio (review visually),Soviet Union–Yugoslavia Locator.svg,Yugoslavia–Soviet Union Locator.svg,countries (world location map scheme),shared normalized name key “locator soviet union yugoslavia”; relative aspect-ratio difference 0.0%
matching normalized filename and similar aspect ratio (review visually),Sucumbios in Ecuador (+Galapagos).svg,Sucumbios in Ecuador (-Galapagos).svg,ecuador,shared normalized name key “ecuador galapagos in sucumbios”; relative aspect-ratio difference 0.1%
matching normalized filename and similar aspect ratio (review visually),Tungurahua in Ecuador (+Galapagos).svg,Tungurahua in Ecuador (-Galapagos).svg,ecuador,shared normalized name key “ecuador galapagos in tungurahua”; relative aspect-ratio difference 0.1%
matching normalized filename and similar aspect ratio (review visually),Vaud in Switzerland.png,Vaud in Switzerland.svg,switzerland,shared normalized name key “in switzerland vaud”; relative aspect-ratio difference 0.0%
matching normalized filename and similar aspect ratio (review visually),Vietnam ( orthographic projection ).svg,Vietnam (orthographic projection).svg,vietnam,shared normalized name key “orthographic projection vietnam”; relative aspect-ratio difference 0.0%
matching normalized filename and similar aspect ratio (review visually),Western Bahr el Ghazal in South Sudan (+claims) (+Kafia Kingi).svg,Western Bahr el Ghazal in South Sudan (-claims) (+Kafia Kingi).svg,south sudan,shared normalized name key “bahr claims el ghazal in kafia kingi south sudan western”; relative aspect-ratio difference 0.0%
matching normalized filename and similar aspect ratio (review visually),World map nations.svg,World map with nations.svg,the world with cylindrical projection,shared normalized name key “nations world”; relative aspect-ratio difference 0.0%
matching normalized filename and similar aspect ratio (review visually),World98+.svg,World98.svg,the world with cylindrical projection,shared normalized name key “world98”; relative aspect-ratio difference 0.0%
matching normalized filename and similar aspect ratio (review visually),Yevlakh city in Azerbaijan.svg,Yevlakh City in Azerbaijan.svg,azerbaijan,shared normalized name key “azerbaijan city in yevlakh”; relative aspect-ratio difference 0.0%
matching normalized filename and similar aspect ratio (review visually),Zamora-Chinchipe in Ecuador (+Galapagos).svg,Zamora-Chinchipe in Ecuador (-Galapagos).svg,ecuador,shared normalized name key “chinchipe ecuador galapagos in zamora”; relative aspect-ratio difference 0.1%
matching normalized filename and similar aspect ratio (review visually),Đông Tiến in Thanh Hóa province.svg,Đồng Tiến in Thanh Hóa province.svg,vietnam,shared normalized name key “h in n ng province thanh ti”; relative aspect-ratio difference 0.0%
